<!DOCTYPE suite SYSTEM "http://testng.org/testng-1.0.dtd">
<suite thread-count="1" name="DSM_MOBILE_DEVELOPMENT_TESTS" parallel="methods">
<listeners>
<listener class-name ="com.sync.listners.TestListner"/>
</listeners>
<parameter name="BrowserSelect" value="CE"></parameter>
<parameter name="appURL" value="/server/chromedriver.exe"></parameter>
	
	<test name="vinay framework">
		<classes>
			<class name="com.syn.testsuite.testcases.TestHomepageTestCases">
			</class> 
		</classes>
	</test>   	
	
</suite> 
   
